Logan,Werbenjagermanjensen,Smith,[B@15db9742
Logan,Werbenjagermanjensen,Smith,[B@15db9742
Logan,Werbenjagermanjensen,Smith,[B@15db9742
Logan,Werbenjagermanjensen,Smith,[B@15db9742
Logan,Werbenjagermanjensen,Smith,[B@15db9742
Logan,Werbenjagermanjensen,Smith,[B@15db9742
Logan,Werbenjagermanjensen,Smith,[B@15db9742
Logan,Werbenjagermanjensen,Smith,[B@15db9742
Logan,Werbenjagermanjensen,Smith,[B@15db9742
Logan,Werbenjagermanjensen,Smith,[B@15db9742
Logan,Werbenjagermanjensen,Smith,[B@15db9742
Logan,Werbenjagermanjensen,Smith,[B@15db9742
Logan,Werbenjagermanjensen,Smith,[B@15db9742
Logan,Werbenjagermanjensen,Smith,[B@15db9742
Logan,Werbenjagermanjensen,Smith,[B@15db9742
Logan,Werbenjagermanjensen,Smith,[B@15db9742
Logan,Werbenjagermanjensen,Smith,[B@15db9742
Logan,Werbenjagermanjensen,Smith,[B@15db9742
Logan,Werbenjagermanjensen,Smith,[B@15db9742
Logan,Werbenjagermanjensen,Smith,[B@15db9742
Logan,Werbenjagermanjensen,Smith,[B@15db9742
Logan,Werbenjagermanjensen,Smith,[B@15db9742
Logan,Werbenjagermanjensen,Smith,[B@15db9742
Logan,Werbenjagermanjensen,Smith,[B@15db9742
Logan,Werbenjagermanjensen,Smith,[B@15db9742
Logan,Werbenjagermanjensen,Smith,[B@15db9742
Logan,Werbenjagermanjensen,Smith,[B@15db9742
Logan,Werbenjagermanjensen,Smith,[B@15db9742
Logan,Werbenjagermanjensen,Smith,[B@15db9742
Logan,Werbenjagermanjensen,Smith,[B@15db9742
Logan,Werbenjagermanjensen,Smith,[B@15db9742
Logan,Werbenjagermanjensen,Smith,[B@15db9742
Logan,Werbenjagermanjensen,Smith,[B@15db9742
Logan,Werbenjagermanjensen,Smith,[B@15db9742
Logan,Werbenjagermanjensen,Smith,[B@15db9742
Logan,Werbenjagermanjensen,Smith,[B@15db9742
Logan,Werbenjagermanjensen,Smith,[B@15db9742
Logan,Werbenjagermanjensen,Smith,[B@15db9742
Logan,Werbenjagermanjensen,Smith,[B@15db9742
Logan,Werbenjagermanjensen,Smith,[B@15db9742
Logan,Werbenjagermanjensen,Smith,[B@15db9742
Logan,Werbenjagermanjensen,Smith,[B@15db9742
Logan,Werbenjagermanjensen,Smith,[B@15db9742
Logan,Werbenjagermanjensen,Smith,[B@15db9742
Logan,Werbenjagermanjensen,Smith,[B@15db9742
Logan,Werbenjagermanjensen,Smith,[B@15db9742
Logan,Werbenjagermanjensen,Smith,[B@15db9742
Logan,Werbenjagermanjensen,Smith,[B@15db9742
Logan,Werbenjagermanjensen,Smith,[B@15db9742
Logan,Werbenjagermanjensen,Smith,[B@15db9742
Logan,Werbenjagermanjensen,Smith,[B@15db9742
Logan,Werbenjagermanjensen,Smith,[B@15db9742
Logan,Werbenjagermanjensen,Smith,[B@15db9742
Logan,Werbenjagermanjensen,Smith,[B@15db9742
Logan,Werbenjagermanjensen,Smith,[B@15db9742
Logan,Werbenjagermanjensen,Smith,[B@15db9742
Logan,Werbenjagermanjensen,Smith,[B@15db9742
Logan,Werbenjagermanjensen,Smith,[B@15db9742
Logan,Werbenjagermanjensen,Smith,[B@15db9742
Logan,Werbenjagermanjensen,Smith,[B@15db9742
Logan,Werbenjagermanjensen,Smith,[B@15db9742
Logan,Werbenjagermanjensen,Smith,[B@15db9742
Logan,Werbenjagermanjensen,Smith,[B@15db9742
Logan,Werbenjagermanjensen,Smith,[B@15db9742
Logan,Werbenjagermanjensen,Smith,[B@15db9742
Logan,Werbenjagermanjensen,Smith,[B@15db9742
Logan,Werbenjagermanjensen,Smith,[B@15db9742
Logan,Werbenjagermanjensen,Smith,[B@15db9742
logan allen smith,[06/20/1995],123456788,[B@6a38e57f
